{
	"info": {
		"_postman_id": "f8caee0f-2b73-4b81-aaeb-aedef7ef5a48",
		"name": "TestAPI",
		"schema": "https://schema.getpostman.com/json/collection/v2.1.0/collection.json",
		"_exporter_id": "21181870"
	},
	"item": [
		{
			"name": "Criando Preferência",
			"request": {
				"method": "POST",
				"header": [
					{
						"key": "Authorization",
						"value": "Bearer TEST-7045793340089928-052621-830609135b827a0cb2ebb6482b1c9cc8-195242282",
						"type": "text"
					},
					{
						"key": "Content-Type",
						"value": "application/json",
						"type": "text"
					}
				],
				"body": {
					"mode": "raw",
					"raw": "{\r\n\r\n  \"items\": [\r\n    {\r\n      \"title\": \"Mochila vans\",\r\n      \"description\": \"Mochila vans\",\r\n      \"picture_url\": \"https://secure-static.vans.com.br/medias/sys_master/vans/vans/hcd/h12/h00/h00/10694640205854/5000300410025U-02-BASEIMAGE-Midres.jpg\",\r\n      \"category_id\": \"Acessorios\",\r\n      \"quantity\": 1,\r\n      \"currency_id\": \"BRL\",\r\n      \"unit_price\": 200\r\n    }\r\n  ]\r\n}"
				},
				"url": {
					"raw": "https://api.mercadopago.com/checkout/preferences",
					"protocol": "https",
					"host": [
						"api",
						"mercadopago",
						"com"
					],
					"path": [
						"checkout",
						"preferences"
					],
					"query": [
						{
							"key": "acces_token",
							"value": "TEST-7045793340089928-052621-830609135b827a0cb2ebb6482b1c9cc8-195242282",
							"disabled": true
						}
					]
				}
			},
			"response": []
		}
	]
}